Datei,Status,Spalten,Zeilen,Abweichung
3-Headed Giant.png,ok,76,51,5.5
500 Piranhas in a Monster Suit.png,ok,76,51,5.46
Accusation.png,übersprungen: hohe Abweichung,76,51,8.27
Acid Rain.png,ok,76,51,6.04
Acid Vial.png,übersprungen: hohe Abweichung,75,54,10.59
Adventurousness.png,übersprungen: hohe Abweichung,76,51,7.86
Afflicted Pests.png,übersprungen: hohe Abweichung,76,51,9.02
Afflicted Vermin.png,übersprungen: hohe Abweichung,76,51,7.47
Aggressive Town Guard.png,übersprungen: kein klares Raster,72,104,0
Albrecht the Nerd.png,ok,76,51,3.94
Alchemic Journal.png,übersprungen: hohe Abweichung,76,51,7.99
Alchemy.png,ok,76,51,5.73
Alex Trainer of Heroes.png,übersprungen: hohe Abweichung,76,51,10.15
Alice the Puppeteer Girl.png,übersprungen: hohe Abweichung,76,51,9.23
Alice the Transfer Student.png,ok,76,51,5.45
Aligning Goals.png,übersprungen: hohe Abweichung,76,51,8.74
Alleria the Queen of Spiders.png,ok,76,51,6.84
Alliance.png,ok,76,51,6.88
Alluring Light.png,übersprungen: kein klares Raster,76,51,0
Ambush the Scout.png,übersprungen: kein klares Raster,91,61,0
Analyzer from the Cosmic Depths.png,ok,76,51,2.16
Ancient Tech Infinite Energy Core.png,ok,76,51,4.81
Andras the Human Weapon.png,ok,76,51,5.95
Angelfeather Arrow.png,übersprungen: hohe Abweichung,76,51,10.04
Angler Angel.png,übersprungen: kein klares Raster,76,51,0
Angry Cheese.png,übersprungen: hohe Abweichung,76,51,7.36
Anti Magic Enchantment.png,übersprungen: hohe Abweichung,76,51,8.51
Anti Magic Shield.png,ok,76,51,6.54
Anti Magic Zone.png,ok,75,54,5.43
Anti Magic.png,ok,76,51,5.41
Anti-Magnet.png,ok,76,51,6.65
Anti-Magnetic Armor.png,übersprungen: hohe Abweichung,76,51,9.37
Aquanian Orkallion.png,übersprungen: kein klares Raster,76,51,0
Aquatic Arrows.png,ok,76,50,4.4
Aquatic Shield.png,ok,76,50,3.76
Aquatic Spear.png,ok,76,50,3.95
Arcane Lamp.png,übersprungen: hohe Abweichung,75,54,9.75
Archer of Teocuilatl.png,ok,76,51,6.58
Archer.png,übersprungen: kein klares Raster,103,59,0
Archibald the Archmage.png,übersprungen: hohe Abweichung,76,51,7.24
Argos the Eye of the Cosmos.png,übersprungen: kein klares Raster,92,73,0
Armageddon.png,übersprungen: kein klares Raster,76,51,0
Army of the Cute.png,ok,76,51,5.52
Arrival from the Cosmic Depths.png,ok,76,51,5.33
Arrow Slit.png,übersprungen: kein klares Raster,96,65,0
Arthor Inheritor of the Barbarian Sword.png,übersprungen: kein klares Raster,78,103,0
Arthor the King of Blackport.png,ok,76,51,5.29
Ash Worms.png,ok,76,51,4.58
Asriel the Sapling Sacrificer.png,ok,76,51,6.25
Attack.png,ok,76,51,5.25
Audience with a hostile King.png,übersprungen: hohe Abweichung,76,51,7.98
Aurora Borealis.png,übersprungen: kein klares Raster,76,51,0
Baaliel the Demon General.png,übersprungen: hohe Abweichung,76,51,8.12
Baby Spider.png,übersprungen: hohe Abweichung,76,51,9.76
Bakhm the Desert Digger.png,übersprungen: kein klares Raster,78,51,0
Ballad Harpyformer.png,ok,76,51,6.6
Bamboo Shield.png,ok,76,51,5.46
Bamboo Staff.png,ok,76,51,6.55
Barkeeper.png,ok,76,51,5.88
Barker the Monster Tamer.png,übersprungen: kein klares Raster,75,49,0
Barrier of Faith.png,ok,76,51,5.62
Barrier of Undying.png,ok,76,51,3.66
Basketskull.png,ok,76,51,6.87
Beato the Butterfly Witch.png,übersprungen: kein klares Raster,78,51,0
Beato the Eternal Butterfly.png,übersprungen: kein klares Raster,78,103,0
Beer.png,ok,76,51,5.11
Berserk.png,übersprungen: kein klares Raster,75,52,0
Bifab Bridge to Coolness.png,übersprungen: hohe Abweichung,76,51,8.06
Big Gwen Guard.png,übersprungen: hohe Abweichung,76,51,8.41
Bill the Angry Auctioneer.png,übersprungen: hohe Abweichung,76,51,7.29
Biomancy.png,übersprungen: hohe Abweichung,76,51,7.13
Bird.png,ok,38,52,3.48
Birthday Present.png,übersprungen: hohe Abweichung,76,51,8.22
Bishop of Kings.1.png,ok,76,51,5.03
Bishop of Kings.png,ok,76,51,4.72
Black Marketeer.png,ok,76,51,5.53
Blackstache Scourge of the Pixel Seas.png,übersprungen: hohe Abweichung,76,51,7.47
Blade of the Frostbringer.png,übersprungen: kein klares Raster,75,54,0
Blade of the Swamp Witch.png,übersprungen: kein klares Raster,75,54,0
Blind Destruction.png,ok,76,51,6.37
Blood Moon under the Sea.png,übersprungen: kein klares Raster,76,51,0
Blood Rock.png,ok,76,51,2.97
Blood-Soaked Coin.png,ok,76,51,5.5
Bloom the Continent Corruptor.png,ok,78,51,5.63
Bloom the Maniacal Botanist.png,übersprungen: kein klares Raster,76,51,0
Blow of the Venom Snake.png,ok,76,51,4.35
Blue-Ice Dragon.png,ok,76,51,4.28
Blueprints.png,ok,76,51,5.97
Bluff.png,übersprungen: kein klares Raster,96,64,0
Board of Kings.png,übersprungen: hohe Abweichung,76,51,7.11
Boiling Oil.png,übersprungen: kein klares Raster,96,65,0
Bomb Arrow.png,ok,76,51,4.7
Bomb Berserker Bartas.png,übersprungen: kein klares Raster,76,51,0
Bomb Mite.png,übersprungen: kein klares Raster,76,51,0
Bomblebee Cluster.png,übersprungen: hohe Abweichung,76,51,7.57
Bomblebee.png,ok,76,51,6.61
Bonded Companion Humby.png,übersprungen: hohe Abweichung,76,51,10.16
Bonded Companion Mellvy.png,ok,76,51,6.71
Bonded Companion Orphy.png,ok,76,51,5.2
Bonded Companion Thuly.png,ok,76,51,6.11
Booby Trap.png,übersprungen: hohe Abweichung,75,54,13.6
Book of Doom.png,übersprungen: hohe Abweichung,76,51,9.5
Boomerang.png,übersprungen: kein klares Raster,75,54,0
Boots of Hermes.png,übersprungen: kein klares Raster,75,54,0
Boris the Guardian of Blackport.png,ok,76,51,6.6
Bottled Flame.png,ok,76,51,6.75
Bottled Lightning.png,ok,76,51,2.93
Boulder in a Bottle.png,ok,76,51,3.57
Bouldor Demon.png,ok,76,51,5.11
Bow Sniper Darge.png,ok,76,51,6.84
Box Spider.png,übersprungen: hohe Abweichung,76,51,8.0
Brackle the Catapulting Turtle.png,ok,76,51,6.28
Brain Spider.png,ok,76,51,6.31
Brainstorming.png,ok,76,51,6.74
Breaking Strike.png,ok,76,51,5.03
Brilliant Idea.png,übersprungen: hohe Abweichung,76,51,7.2
Broghan the Frozen Guardian of the North.png,ok,76,51,5.18
Bubbles the Bouncy Bunny.png,ok,76,50,3.4
Bunny Bombs.png,ok,76,50,4.24
Burned Contract.png,übersprungen: kein klares Raster,96,65,0
Burning Finger.png,ok,76,51,2.85
Burning Fuse.png,ok,76,51,6.12
Burning Skeleton.png,übersprungen: hohe Abweichung,76,51,7.4
Butterfly Cloud.png,übersprungen: kein klares Raster,75,54,0
Cactus Creature.png,übersprungen: hohe Abweichung,76,51,7.32
Calamitusk the Chaorc War Chief.png,ok,76,51,4.43
Call for Help.png,übersprungen: hohe Abweichung,76,51,7.06
Call of the Deepsea.png,ok,76,51,3.94
Candlestick Squire.png,übersprungen: kein klares Raster,76,51,0
Cannibalism.png,ok,76,51,5.25
Cannon Tower.png,übersprungen: kein klares Raster,32,65,0
Capture Net.png,ok,76,51,4.64
Card Game Player Inya.png,übersprungen: hohe Abweichung,76,51,8.67
Cardinal Beast Baihu.png,ok,76,51,4.81
Cardinal Beast Qinglong.png,ok,76,51,6.32
Cardinal Beast Xuanwu.png,übersprungen: hohe Abweichung,76,51,8.02
Cardinal Beast Zhuque.png,ok,76,51,5.12
Carpet Bomblebee.png,ok,76,51,6.84
Carris the Time Keeper.png,ok,76,51,5.61
Castling.png,übersprungen: hohe Abweichung,76,51,8.6
Cataclysm.png,übersprungen: kein klares Raster,76,51,0
Cats of the Pharaoh.png,ok,76,51,5.27
Cavalry.png,übersprungen: kein klares Raster,96,65,0
Cecilia the Harrowing Crusader.png,übersprungen: kein klares Raster,78,51,0
Censpartan War Counselor.png,ok,76,51,4.74
Chain Lightning.png,übersprungen: hohe Abweichung,76,51,7.01
Challenge.png,ok,76,51,6.13
Champion the Stormbringer.png,ok,76,51,4.49
Chaorc Cannon Fodder.png,ok,76,51,4.13
Chaorc Corpse Cannibal.png,ok,76,51,4.39
Chaorc Friendly Fireballer.png,ok,76,51,4.45
Chaorc Interception.png,ok,76,51,4.89
Chaorc Pyre Grill Master.png,übersprungen: kein klares Raster,76,51,0
Chaorc Rider Warg.png,ok,76,51,4.58
Chaorc Ruin Mourner.png,ok,76,51,5.38
Chaos Magic.png,übersprungen: kein klares Raster,96,65,0
Chaos-Diamond the Cracked Keeper.png,ok,76,51,5.38
Charm of Balance.png,ok,76,51,5.83
Charme.png,ok,76,51,5.1
Chasing the Legend.png,ok,76,51,4.14
Chatty Town Guard.png,übersprungen: kein klares Raster,32,65,0
Cheat Chair.png,ok,76,51,5.84
Cheeky Monkee.png,ok,76,51,6.42
Chosen Sacrifice.png,übersprungen: hohe Abweichung,76,51,7.05
Chuck the Crazy Veteran.png,ok,76,51,5.65
Chuck the Storyteller.png,übersprungen: kein klares Raster,78,103,0
Classical Harpyformer.png,ok,76,50,6.64
Clausss the No-Nonsense Cultist.png,ok,76,51,3.43
Cleansing of the Land.png,ok,76,51,3.64
Clever Puppet Saras.png,ok,76,51,5.76
Cloak of Edge.png,ok,76,51,3.72
Cloud Pillow.png,ok,76,51,2.12
Cloud in a Bottle.png,ok,76,51,6.09
Cloudy Slime.png,übersprungen: kein klares Raster,76,51,0
Club of Gobbo.png,ok,76,51,3.95
Codumbus the Clueless Voyager.png,ok,76,51,6.82
Coffee.png,ok,76,51,6.63
Cold Coffin.png,übersprungen: hohe Abweichung,76,51,7.23
Cold-Hearted Yuki-Onna.png,ok,76,51,4.39
Communication Device.png,ok,76,51,6.34
Compulsory Body Swap.png,ok,76,51,5.17
Controlled Attack.png,ok,76,51,5.48
Cool Cheese.png,ok,76,51,3.11
Cool Presents.png,übersprungen: hohe Abweichung,76,51,9.0
Cool Repair.png,ok,76,51,6.46
Cool Rescue.png,übersprungen: hohe Abweichung,76,51,8.7
Cool Rescuer Monia.png,übersprungen: kein klares Raster,78,51,0
Cool Tech Jetpack.png,übersprungen: kein klares Raster,76,51,0
Cooldin King of Coolness.png,ok,76,51,6.27
Coolness Overcharge.png,ok,76,51,2.75
Core Explosion.png,ok,76,51,5.07
Coreling.png,ok,76,51,6.67
Corpse Explosion.png,ok,76,51,4.14
Cosmic Malfunction.png,übersprungen: kein klares Raster,76,51,0
Cosmic Manipulation.png,übersprungen: kein klares Raster,76,51,0
Cosmic Skeleton.png,ok,76,51,3.84
Cottage at the Forests Edge.png,ok,76,51,5.97
Country Harpyformer.png,übersprungen: hohe Abweichung,76,51,7.18
Create Illusion.png,übersprungen: hohe Abweichung,76,51,7.08
Creative Puppet Brammi.png,ok,76,51,6.88
Creativity.png,übersprungen: hohe Abweichung,76,51,8.05
Creepy Villager.png,ok,76,51,2.89
Criminal Monkee.png,übersprungen: hohe Abweichung,76,51,7.71
Crimson Skull Spider.png,übersprungen: hohe Abweichung,76,51,7.75
Crimson Web.png,übersprungen: hohe Abweichung,76,51,8.05
Critical Strike.png,übersprungen: kein klares Raster,75,54,0
Crum the Class Pet.png,ok,76,51,3.58
Crusaders Arm-Cannon.png,ok,76,51,5.36
Crusaders Cutlass.png,ok,76,51,5.66
Crusaders Flintlock.png,ok,76,51,5.95
Crusaders Hookshot.png,ok,76,51,6.0
Crystal Well.png,übersprungen: hohe Abweichung,76,51,8.79
Cure.png,übersprungen: kein klares Raster,75,54,0
Curse.png,übersprungen: hohe Abweichung,76,51,7.04
Cute Angel Molinda.png,ok,76,51,4.79
Cute Annoyance Mini.png,ok,76,51,5.41
Cute Bird.png,ok,76,51,6.94
Cute Bunny.png,ok,76,51,6.48
Cute Camera.png,ok,76,51,3.69
Cute Cat.png,ok,76,51,5.39
Cute Cheese.png,ok,76,51,3.84
Cute Conversion.png,übersprungen: hohe Abweichung,76,51,7.05
Cute Ditz Monami.png,übersprungen: hohe Abweichung,76,51,8.96
Cute Dog.png,ok,76,51,3.79
Cute Familiar.png,ok,76,51,3.56
Cute Hydra.png,übersprungen: kein klares Raster,76,51,0
Cute Meanie Melissa.png,ok,76,51,2.72
Cute Nerd Magenta.png,ok,76,51,4.0
Cute Phoenix.png,ok,76,51,5.13
Cute Princess Mary.png,übersprungen: hohe Abweichung,76,51,8.53
Cute Spider.png,ok,76,51,6.43
Cute Starlet Megu.png,ok,76,51,6.38
Cute Wings.png,übersprungen: hohe Abweichung,76,51,7.09
Cuteness Sensor.png,ok,76,51,4.3
Cybug ANTS.png,ok,76,51,6.17
Cybug BEE.png,übersprungen: hohe Abweichung,76,51,8.43
Cybug CENTIPEDE.png,ok,76,51,5.42
Cybug LADYBUG.png,ok,76,51,6.89
Cybug LOCUST.png,ok,76,51,5.05
Cybug RHINOCEROS.png,ok,76,51,5.03
Cybug SCARAB.png,ok,76,51,5.69
Cykyran War Counselor.png,ok,76,51,5.93
Dajan Conqueror of the Treasure Cave.png,übersprungen: kein klares Raster,78,103,0
Damus the Prophet of Apocalypse.png,ok,76,51,6.44
Dance of the Flame Pillars.png,übersprungen: hohe Abweichung,76,51,8.39
Dangerous Knowledge.png,ok,76,51,4.09
Dark Deepsea God.png,übersprungen: kein klares Raster,76,51,0
Dark Gear.png,ok,76,51,2.82
Dark Ocean.png,übersprungen: kein klares Raster,76,51,0
Debt-O-Tron Damage Fees.png,ok,76,51,4.2
Debt-O-Tron Model Backup Duplicator.png,ok,76,51,3.24
Debt-O-Tron Model Loan Shredder.png,ok,76,51,4.13
Debt-O-Tron Model Missing Parts.png,ok,76,51,6.59
Debt-O-Tron Model Money Printer.png,ok,76,51,4.33
Debt-O-Tron Model Scrap Plow.png,ok,76,51,3.37
Decapitating Strike.png,übersprungen: kein klares Raster,96,65,0
Decay Magic.png,übersprungen: kein klares Raster,76,51,0
Decisive Defeat.png,übersprungen: kein klares Raster,32,67,0
Deep-Drowned Waflav.png,übersprungen: kein klares Raster,78,51,0
Deepsea Bats.png,ok,76,51,1.56
Deepsea Castle.png,ok,76,51,4.73
Deepsea Encounter.png,übersprungen: kein klares Raster,76,51,0
Deepsea Horror Clown.png,ok,76,51,2.17
Deepsea Idol.png,übersprungen: kein klares Raster,76,51,0
Deepsea Jack O Lantern.png,übersprungen: kein klares Raster,76,51,0
Deepsea Monstrosity.png,übersprungen: kein klares Raster,76,51,0
Deepsea Mummy.png,ok,76,51,1.24
Deepsea Pirate.png,ok,76,51,1.73
Deepsea Poltergeister.png,ok,76,51,2.26
Deepsea Primordium.png,ok,76,51,1.23
Deepsea Reaper.png,übersprungen: kein klares Raster,76,51,0
Deepsea Siren.png,ok,76,51,2.38
Deepsea Skeleton.png,übersprungen: kein klares Raster,76,51,0
Deepsea Spores.png,übersprungen: kein klares Raster,76,51,0
Deepsea Stein.png,ok,76,51,1.92
Deepsea Succubus.png,übersprungen: kein klares Raster,76,51,0
Deepsea Treasure.png,ok,76,51,6.17
Deepsea Werewolf.png,übersprungen: kein klares Raster,76,51,0
Deepsea Witch.png,ok,76,51,1.6
Deepsea Zombie.png,ok,76,51,1.25
Defending the Gate.png,übersprungen: kein klares Raster,96,65,0
Defiant Blast.png,übersprungen: hohe Abweichung,76,51,9.35
Demons Gate.png,ok,76,51,3.79
Destruction Magic.png,übersprungen: hohe Abweichung,76,51,8.37
Destructive Puppet Shishi.png,ok,76,51,6.6
Detection.png,übersprungen: kein klares Raster,75,54,0
Devlin the Masked Butcher.png,ok,76,51,6.61
Diamond Spider.png,ok,76,51,6.23
Diamond the Bulwark of Peace.png,ok,78,51,6.59
Diamond the Keeper of Peace.png,übersprungen: kein klares Raster,76,51,0
Dichotomy of Luna and Tempeste.png,übersprungen: hohe Abweichung,76,51,7.66
Difficulty Lever.png,übersprungen: kein klares Raster,76,51,0
Diplomacy.png,übersprungen: hohe Abweichung,76,51,7.62
Disgruntled Forest Warden.png,ok,76,51,6.3
Disruption Ray.png,übersprungen: kein klares Raster,75,54,0
Distracting Crystal.png,ok,76,51,6.32
Dive Bomblebee.png,ok,76,51,2.14
Dive Down.png,übersprungen: kein klares Raster,76,51,0
Diver Helmet.png,ok,76,51,3.13
Divine Awakening.png,ok,76,51,5.57
Divine Gift of Balance.png,ok,76,51,4.78
Divine Gift of Biseria.png,ok,76,51,4.63
Divine Gift of Coolness.png,ok,76,51,6.15
Divine Gift of Creation.png,übersprungen: hohe Abweichung,76,51,9.07
Divine Gift of Death.png,ok,76,51,6.24
Divine Gift of Edge.png,ok,76,51,5.62
Divine Gift of Equality.png,ok,76,51,4.73
Divine Gift of Fire.png,übersprungen: hohe Abweichung,76,51,7.77
Divine Gift of Forgetting.png,ok,76,51,6.17
Divine Gift of Magic.png,ok,76,51,6.64
Divine Gift of Rain.png,ok,76,51,6.65
Divine Gift of Sacrifice.png,übersprungen: hohe Abweichung,76,51,7.63
Divine Gift of Skill.png,ok,76,51,5.35
Divine Gift of The Light.png,übersprungen: hohe Abweichung,76,51,7.68
Divine Gift of Time.png,übersprungen: hohe Abweichung,76,51,7.38
Divine Gift of the Deepsea.png,ok,76,51,1.84
Divine Gift of the Guardian.png,ok,76,51,5.94
Divine Punishment.png,ok,76,51,3.78
Divine Zeal.png,übersprungen: hohe Abweichung,76,51,8.31
Divinity.png,übersprungen: hohe Abweichung,76,51,8.57
Doctor Fester.png,ok,76,51,4.61
Don Quisto the Gold Seeker.png,übersprungen: hohe Abweichung,76,51,7.25
Doom Clock.png,übersprungen: kein klares Raster,76,51,0
Doom Prophecy.png,übersprungen: hohe Abweichung,76,51,11.3
Doomed Town Guard.png,ok,76,51,4.24
Dragolfin.png,übersprungen: kein klares Raster,76,51,0
Draw.png,übersprungen: kein klares Raster,32,65,0
Dream Dust.png,übersprungen: hohe Abweichung,76,51,8.01
Dream World Portal.png,übersprungen: hohe Abweichung,76,51,7.5
Dream World Switcheroo.png,ok,76,51,3.91
Drill Sergeant.png,übersprungen: kein klares Raster,96,65,0
Duigno the Flaming Phoenix.png,übersprungen: kein klares Raster,76,51,0
Earth-Shattering Hammer Relic of Deri.png,ok,76,51,5.79
Elana the Rocky Rebel.png,ok,76,51,4.7
Elixir of Cold.png,übersprungen: hohe Abweichung,76,51,7.73
Elixir of Immortality.png,übersprungen: hohe Abweichung,75,54,7.91
Elixir of Mana.png,ok,76,51,5.53
Elixir of Quickness.png,ok,76,51,5.05
Elixir of Recovery.png,ok,76,51,3.97
Elixir of Strength.png,übersprungen: hohe Abweichung,75,54,7.89
Ellie the Class President.png,ok,76,51,4.57
Elven Archer.png,ok,76,51,4.07
Elven Druid.png,ok,76,51,4.97
Elven Forager.png,ok,76,51,4.48
Elven Leader.png,ok,76,51,5.3
Elven Rider.png,ok,76,51,4.98
Emergency Spell Armor.png,übersprungen: kein klares Raster,32,65,0
Empty Armor.png,übersprungen: kein klares Raster,96,65,0
End of the Future.png,ok,76,51,4.38
Energy Aura.png,ok,76,51,6.41
Energy Drain.png,ok,76,51,4.15
Enhanced Guard Dog.png,übersprungen: kein klares Raster,96,65,0
Enigma the Seller of Secrets.png,ok,76,51,6.56
Eraser Beam.png,übersprungen: hohe Abweichung,76,51,8.13
Escape.png,übersprungen: kein klares Raster,96,65,0
Ethan the Prodigy.png,ok,76,51,4.46
Excavator Bucket.png,ok,76,51,4.22
Experimental Potion.png,ok,76,51,6.23
Exploding Skull.png,ok,76,51,4.56
Explosion.png,ok,76,51,6.67
Explosive Drone.png,ok,76,51,6.55
Explosivos Sword.png,übersprungen: kein klares Raster,75,54,0
Fairy Queen Crestina the Creation Fairy.png,ok,76,51,5.95
Ferocious Jaguar Warrior.png,ok,76,51,6.48
Ferocious Tiger Kick.png,ok,76,51,5.06
Festive Werz.png,ok,76,51,6.57
Fiedel the Mercenary Mage.png,ok,76,51,5.9
Field Cannon.png,übersprungen: kein klares Raster,96,65,0
Field Standard.png,übersprungen: kein klares Raster,96,65,0
Fiery Slime.png,übersprungen: kein klares Raster,76,51,0
Fighting.png,ok,76,51,5.77
Fiona the Empty Vessel of a Forgotten Sorceress.png,übersprungen: kein klares Raster,78,51,0
Fiona the Princess of Blackport.png,übersprungen: hohe Abweichung,76,51,7.69
Fire Bolts.png,übersprungen: hohe Abweichung,76,51,8.81
Fire Bomb.png,übersprungen: kein klares Raster,32,65,0
Fireball.png,übersprungen: hohe Abweichung,76,51,8.6
Fireshield.png,übersprungen: hohe Abweichung,76,51,7.6
Firewall.png,übersprungen: hohe Abweichung,76,51,7.19
Flame Arrow.png,ok,76,51,3.42
Flame Avalanche.png,übersprungen: hohe Abweichung,76,51,7.34
Flamebathed Waflav.png,übersprungen: kein klares Raster,78,103,0
Flaming Dragonegg.png,ok,76,50,5.27
Flashbang.png,übersprungen: kein klares Raster,76,51,0
Flooding.png,übersprungen: kein klares Raster,75,54,0
Flying Island in the Sky.png,ok,76,51,5.18
Forbidden Curse of Aging.png,ok,76,51,6.86
Forbidden Grimoire of a Forgotten Sorceress.png,übersprungen: kein klares Raster,92,130,0
Forbidden Zone.png,übersprungen: kein klares Raster,75,51,0
Forceful Revival.png,übersprungen: hohe Abweichung,76,51,8.3
Foresta the Guard.png,ok,76,51,5.06
Freshya Beauty of Coolness.png,ok,76,51,5.62
Friedhelm the Misled Avenger.png,ok,76,51,4.97
Friendship.png,übersprungen: kein klares Raster,75,50,0
Frolake.png,ok,76,51,6.39
Frost Rune.png,übersprungen: kein klares Raster,75,54,0
Fun-Fun Circus Clown.png,ok,76,51,5.29
Fun-Fun Circus Director.png,ok,76,51,4.41
Fun-Fun Circus Elephant.png,übersprungen: hohe Abweichung,76,51,8.09
Fun-Fun Circus Strongman.png,übersprungen: hohe Abweichung,76,51,8.03
Furious Anger.png,übersprungen: kein klares Raster,79,53,0
Future Tech Barrage.png,ok,76,51,6.24
Future Tech Battery.png,ok,76,51,5.16
Future Tech Bazooka.png,ok,76,51,5.25
Future Tech Bomb.png,ok,76,51,5.75
Future Tech Control Device.png,ok,76,51,5.68
Future Tech Copy Device.png,ok,76,51,6.49
Future Tech Database.png,ok,76,51,5.63
Future Tech Doomsday Bomb.png,ok,76,51,5.27
Future Tech Doping.png,ok,76,51,6.37
Future Tech Drone.png,ok,76,51,6.77
Future Tech Escape Device.png,übersprungen: hohe Abweichung,76,51,7.35
Future Tech Fists.png,ok,76,51,5.91
Future Tech Gear.png,ok,76,51,6.89
Future Tech Gun.png,ok,76,51,5.86
Future Tech Gunslinger Riffel.png,ok,76,51,6.41
Future Tech Jetpack.png,ok,76,51,5.72
Future Tech Lamp.png,ok,76,51,4.28
Future Tech Laser Cannon.png,ok,76,51,5.74
Future Tech Magic Modifier.png,ok,76,51,6.48
Future Tech Mech.png,ok,76,51,6.18
Future Tech Organnon.png,ok,76,51,5.65
Future Tech Potion Launcher.png,ok,76,51,5.82
Future Tech Prototypes.png,ok,76,51,5.18
Future Tech Weathercock.png,ok,76,51,6.32
Gangster Angel.png,übersprungen: kein klares Raster,76,51,0
Garius the Great Reformer.png,übersprungen: hohe Abweichung,76,51,7.09
Gate to the Armory.png,ok,76,51,5.88
Gatherer from the Cosmic Depths.png,ok,76,51,2.48
Gathering Storm.png,übersprungen: kein klares Raster,85,73,0
Gerrymander.png,ok,76,51,5.1
Ghazma the Worm Feeder.png,ok,76,51,5.72
Ghoul Guard.png,ok,76,51,5.73
Ghuanjun the Undead Martial Artist.png,ok,76,51,5.59
Giant Exploding Skull.png,ok,76,51,3.97
Giga Steroids.png,ok,76,51,5.87
Gigantisaur Ankylos.png,ok,76,51,5.14
Gigantisaur Brachion.png,ok,76,51,5.9
Gigantisaur Chimera.png,ok,76,51,5.52
Gigantisaur King Trex.png,ok,76,51,5.54
Gigantisaur Pteranos.png,ok,76,51,6.27
Gigantisaur Raptoren.png,ok,76,51,6.6
Gigantisaur Skull.png,ok,76,51,5.18
Gigantisaur Spinor.png,ok,76,51,6.78
Gigantisaur Stegon.png,ok,76,51,6.2
Gigantisaur Stomp.png,übersprungen: kein klares Raster,76,51,0
Gigantisaur Triceras.png,ok,76,51,6.74
Glass Sword.png,ok,76,51,3.55
Glass of Marbles.png,übersprungen: kein klares Raster,32,65,0
Glimpse of the Future.png,ok,76,51,4.12
Glorious Rebirth.png,übersprungen: hohe Abweichung,76,51,7.64
Gobbo Chief of Goblin.png,ok,76,51,4.5
Goff the Burnbringer.png,übersprungen: kein klares Raster,76,51,0
Gold Trap.png,übersprungen: hohe Abweichung,76,51,7.15
Golden Ankh.png,ok,76,51,6.12
Golden Apple.png,übersprungen: kein klares Raster,96,65,0
Golden Arrow.png,übersprungen: kein klares Raster,96,65,0
Golden Bananas.png,übersprungen: hohe Abweichung,76,51,7.59
Golden Exploding Skull.png,ok,76,51,6.98
Golden Ladybug.png,übersprungen: hohe Abweichung,76,51,7.81
Golden Vermin.png,ok,76,51,6.25
Golden Wings.png,ok,76,51,5.86
Goldify.png,übersprungen: hohe Abweichung,76,51,10.06
Golem Smash.png,ok,76,51,4.6
Gon the Frostbringer.png,ok,76,51,4.6
Gorinthian War Counselor.png,ok,76,51,5.67
Grand Inquisitor Karian.png,ok,76,51,6.41
Grasp the Future.png,übersprungen: hohe Abweichung,76,51,7.96
Grave Worm.png,ok,76,51,4.37
Gravedigger Slap.png,ok,76,51,4.71
Gravedigger.png,übersprungen: kein klares Raster,96,64,0
Gravediggers Shovel.png,übersprungen: kein klares Raster,96,65,0
Graveyard Gathering.png,ok,76,51,4.25
Graveyard of Limited Power.png,ok,76,51,3.49
Great Detective Doq.png,ok,76,51,6.39
Great Offensive.png,übersprungen: kein klares Raster,32,65,0
Greatmaw Remora.png,ok,76,51,2.18
Greatmaw Shark.png,ok,76,51,2.68
Greatmaw Siren.png,übersprungen: kein klares Raster,76,51,0
Green Dragoneer.png,ok,76,50,3.88
Grinning Cat.png,ok,76,51,6.31
Grisgar Emissary of the Demon Lord.png,ok,76,51,3.83
Grunge Harpyformer.png,ok,76,51,4.43
Guard Change.png,übersprungen: kein klares Raster,89,60,0
Guard Duty.png,übersprungen: hohe Abweichung,76,51,10.93
Guardian Angel.png,ok,76,51,6.22
Guardian Beast Gou.png,übersprungen: hohe Abweichung,76,51,7.29
Guardian Beast Hou.png,übersprungen: hohe Abweichung,76,51,8.73
Guardian Beast Hu.png,übersprungen: hohe Abweichung,76,51,9.92
Guardian Beast Ji.png,übersprungen: hohe Abweichung,76,51,8.52
Guardian Beast Long.png,ok,76,51,4.85
Guardian Beast Ma.png,übersprungen: hohe Abweichung,76,51,7.29
Guardian Beast Niu.png,übersprungen: hohe Abweichung,76,51,8.96
Guardian Beast She.png,übersprungen: hohe Abweichung,76,51,7.59
Guardian Beast Shu.png,übersprungen: hohe Abweichung,76,51,12.12
Guardian Beast Tu.png,übersprungen: hohe Abweichung,76,51,9.9
Guardian Beast Yang.png,übersprungen: hohe Abweichung,76,51,7.7
Guardian Beast Zhu.png,übersprungen: hohe Abweichung,76,51,8.81
Guardian of Teocuilatl.png,übersprungen: kein klares Raster,76,51,0
Guardians Appearance.png,übersprungen: hohe Abweichung,76,51,9.72
Güldefaber the King of Dwarfs.png,übersprungen: hohe Abweichung,76,51,7.1
Hammer Skeleton.png,ok,76,51,5.37
Hammer Throw.png,übersprungen: kein klares Raster,32,49,0
Hand of Death.png,übersprungen: hohe Abweichung,75,54,7.25
Hardy Slime.png,übersprungen: kein klares Raster,76,51,0
Haressassin.png,ok,76,51,6.24
Harpthenean War Counselor.png,ok,76,51,6.23
Harpyformer Choir.png,übersprungen: hohe Abweichung,76,51,8.25
Haste.png,ok,76,51,6.55
Hat of Madness.png,übersprungen: hohe Abweichung,76,51,8.0
Hatusbal the Leader of Tusca.png,ok,76,51,6.13
Heal.png,übersprungen: hohe Abweichung,75,54,10.59
Healing Melody.png,ok,76,51,4.95
Healing Potion.png,übersprungen: hohe Abweichung,75,54,7.88
Heart of Cards.png,ok,76,51,4.46
Heart of Ice.png,ok,76,51,3.24
Heart of the Mountain.png,ok,76,51,6.36
Heart-Shaped Bow the Final Proof of Cuteness.png,ok,76,51,5.97
Heat Wave.png,ok,76,51,6.38
Heavy Hit.png,ok,75,54,4.13
Hel the Bound Specter.png,ok,76,51,2.85
Hell Fox.png,übersprungen: kein klares Raster,76,51,0
Heragas the Monster Slayer.png,ok,76,51,4.87
Herbithorn Demon.png,übersprungen: kein klares Raster,76,51,0
Hipdall Protector of Coolness.png,übersprungen: hohe Abweichung,76,51,8.64
Hives Crown.png,übersprungen: hohe Abweichung,76,51,8.54
Hole in the Sky.png,ok,76,51,4.29
Holy Cheese.png,ok,76,51,4.99
Holy Selection.png,ok,75,54,6.74
Homerun.png,ok,76,51,6.22
Horn in a Bottle.png,übersprungen: hohe Abweichung,76,51,7.32
Horned Demon.png,übersprungen: hohe Abweichung,76,51,7.23
Howling in the Night.png,ok,76,51,3.8
Hunting.png,ok,76,51,4.54
Hydra Blood Arrow.png,ok,76,51,4.38
Hydrogen Demon.png,übersprungen: kein klares Raster,76,51,0
Hymn of Rebirth.png,übersprungen: hohe Abweichung,76,51,8.21
Ice Sculpture Garden.png,übersprungen: hohe Abweichung,76,51,7.62
Iceage.png,ok,76,51,4.76
Icebolt.png,ok,75,54,4.68
Icy Dragonegg.png,ok,76,50,2.6
Icy Grave.png,übersprungen: kein klares Raster,75,54,0
Icy Slime.png,übersprungen: kein klares Raster,76,51,0
Ida the Adept of Destruction.png,übersprungen: hohe Abweichung,76,51,7.08
Idej Blade - Gensui.png,ok,76,51,5.51
Idej Blade - Hakai.png,übersprungen: kein klares Raster,76,51,0
Idej Blade - Manabi.png,übersprungen: hohe Abweichung,76,51,8.29
Idej Blade - Naosu.png,übersprungen: hohe Abweichung,76,51,8.22
Idej Lord Daiyo.png,ok,76,51,3.9
Idej Lord Nobunakin.png,ok,76,51,3.6
Idej Lord Shoguwana.png,übersprungen: hohe Abweichung,76,51,8.04
Idej Lord Todugawin.png,übersprungen: hohe Abweichung,76,51,8.92
Idej Projection.png,übersprungen: kein klares Raster,76,51,0
Idej Projector.png,ok,76,51,2.43
Idej Sword - Kogarasu.png,ok,76,51,5.19
Idej Sword - Kunagi.png,ok,76,51,6.91
Idej Sword - Muras.png,ok,76,51,5.19
Idej Sword - Onima.png,übersprungen: hohe Abweichung,76,51,8.66
Idol of Crestina.png,übersprungen: hohe Abweichung,76,51,8.44
Ifrit.png,übersprungen: hohe Abweichung,76,51,7.14
Inconspicuous Lawn Gnome.png,ok,76,51,5.14
Infected Greatmaw.png,ok,76,51,4.42
Infected Squirrel.png,ok,76,51,6.01
Infernous Demon.png,ok,76,51,6.31
Infiltration.png,übersprungen: kein klares Raster,96,130,0
Infinitely Reproducing Slime.png,ok,76,51,4.26
Informant.png,übersprungen: kein klares Raster,96,65,0
Ingo Investor of Evil.png,ok,76,51,3.14
Initiation Ritual.png,ok,76,51,5.99
Interference.png,ok,76,50,5.02
Intrude.png,ok,76,51,4.06
Invader Token.png,ok,76,51,3.68
Invader from the Cosmic Depths.png,ok,76,51,6.93
Inventing.png,übersprungen: hohe Abweichung,76,51,7.75
Invisibility Cloak.png,übersprungen: kein klares Raster,89,60,0
Invisibility.png,ok,76,51,5.05
Iterative Testing.png,ok,76,51,5.99
Javelin Throw.png,übersprungen: kein klares Raster,96,65,0
Jean the Pillaging Knight.png,übersprungen: kein klares Raster,78,103,0
Jenny the Class Fairy.png,übersprungen: kein klares Raster,78,103,0
Johanna Crusader of Light.png,ok,76,51,5.9
Juice.png,ok,76,51,5.43
Jump in the River.png,übersprungen: hohe Abweichung,76,51,7.16
Jumper Spider.png,übersprungen: hohe Abweichung,76,51,7.34
Jumpscare.png,ok,76,51,4.94
Junshi the Tactical Genius.png,ok,76,51,4.42
Kappa Sword Slash.png,übersprungen: hohe Abweichung,76,51,8.18
Kasperov the King of Kings.1.png,ok,76,51,6.03
Kasperov the King of Kings.png,ok,76,51,5.41
Kassaran Seer of Everything.png,ok,76,51,4.54
Kazena the Storming Rebel.png,ok,76,51,4.37
Kent the Indebted Apprentice.png,ok,76,51,6.08
Key the Cursed Thief.png,ok,76,51,5.32
Kirin Firebreath.png,übersprungen: hohe Abweichung,76,51,9.4
Kit the Shark Researcher.png,ok,76,51,4.81
Kitsune Transformation.png,übersprungen: hohe Abweichung,76,51,7.89
Klaus the Cult Leader.png,ok,76,51,4.19
Knife Throw.png,ok,76,51,3.71
Knight of Kings.1.png,ok,76,51,5.77
Knight of Kings.png,ok,76,51,5.36
Kohta Master of Super-Killing.png,übersprungen: kein klares Raster,78,103,0
Kohta the Silent Observer.png,ok,76,51,4.51
Koperniko the Stargazer.png,ok,76,51,3.75
Kyli the Deceptive Sapling.png,ok,76,51,6.43
Ladder to the Sky.png,ok,76,51,3.5
Land Sharks.png,ok,76,51,3.71
Laser Volley.png,ok,76,51,6.52
Last Resort.png,übersprungen: kein klares Raster,96,65,0
Layn Defender of Deri.png,übersprungen: kein klares Raster,78,51,0
Layn Master of Deris Relic.png,übersprungen: kein klares Raster,78,103,0
Leadership.png,übersprungen: hohe Abweichung,76,51,8.02
Learning.png,ok,76,51,3.59
Legendary Explorer Dajan.png,ok,76,51,5.08
Legendary Sword of a Barbarian King.png,übersprungen: kein klares Raster,96,65,0
Lethe the Forgetful Fixer.png,ok,76,51,5.61
Letter of Misinformations.png,übersprungen: kein klares Raster,96,65,0
Liberation.png,übersprungen: hohe Abweichung,76,51,7.29
Life Serum.png,ok,76,51,5.9
Life-Searcher from the Cosmic Depths.png,ok,76,51,2.7
Lifeforce Howitzer.png,ok,76,51,3.13
Light Ball.png,übersprungen: kein klares Raster,96,65,0
Lilly the Charming Infiltrator.png,ok,76,51,4.75
Living Illusion.png,ok,76,51,6.88
Lizbeth the Reaper of the Light.png,übersprungen: hohe Abweichung,76,51,7.77
Locke the Unseen Saboteur.png,ok,76,51,4.57
Logan the Investment Monkee.png,ok,76,50,4.9
Lolek Mender of the Shattered Trident.png,übersprungen: kein klares Raster,78,103,0
Lolek the Shard Knight.png,übersprungen: hohe Abweichung,76,51,8.27
Lolki Trickstar of Coolness.png,übersprungen: hohe Abweichung,76,51,7.15
Lone Survivor.png,ok,76,51,5.45
Looming Threat.png,ok,76,51,3.15
Loot the Leftovers.png,ok,76,51,6.13
Lord Mithuru the Rotten Mastermind.png,ok,76,51,4.24
Love Shot.png,ok,76,51,4.4
Lovely Teddy.png,ok,76,51,5.88
Loving Puppet Pavi.png,ok,76,51,5.31
Loyal Beagle.png,ok,76,51,4.18
Loyal Bone Dog.png,ok,76,51,5.42
Loyal Hountriever.png,ok,76,51,4.08
Loyal Labradoodle.png,ok,76,51,4.38
Loyal Pinpom.png,ok,76,51,4.98
Loyal Rottweiler.png,ok,76,51,4.66
Loyal Shepherd.png,ok,76,51,4.78
Loyal Terrier.png,ok,76,51,3.53
Luck.png,ok,76,51,6.78
Lucky Puppet Laki.png,ok,76,51,6.52
Luna Kiai.png,ok,76,51,6.54
Luna Pele the Flame Dancer.png,übersprungen: hohe Abweichung,76,51,7.32
Luna the Flame Fairy.png,übersprungen: hohe Abweichung,76,51,8.16
Lunar Eclipse.png,übersprungen: kein klares Raster,276,51,0
Lunatic Cycle - Crescent Moon.png,übersprungen: kein klares Raster,76,51,0
Lunatic Cycle - Full Moon.png,übersprungen: kein klares Raster,76,51,0
Lunatic Cycle - Gibbous Moon.png,übersprungen: kein klares Raster,76,51,0
Lunatic Cycle - Half Moon.png,übersprungen: kein klares Raster,31,51,0
Lunatic Cycle - New Moon.png,übersprungen: kein klares Raster,76,51,0
Lunatic Golem.png,übersprungen: kein klares Raster,76,51,0
Lunatic Hawk.png,übersprungen: kein klares Raster,76,51,0
MOE Bomb.png,ok,76,51,5.39
MOE Shield.png,ok,76,51,6.59
Madaga the Forsaken Seafarer.png,ok,76,51,5.56
Madame Guillotine the Great Equalizer.png,ok,76,51,6.94
Magic Amber.png,übersprungen: hohe Abweichung,76,51,7.84
Magic Amethyst.png,übersprungen: hohe Abweichung,76,51,7.68
Magic Arts.png,ok,76,51,4.23
Magic Cobalt.png,übersprungen: hohe Abweichung,76,51,7.91
Magic Emerald.png,übersprungen: hohe Abweichung,76,51,7.9
Magic Hammer.png,ok,76,51,3.57
Magic Lamp.png,übersprungen: kein klares Raster,76,51,0
Magic Mirror.png,übersprungen: hohe Abweichung,76,51,7.81
Magic Ruby.png,übersprungen: hohe Abweichung,76,51,7.58
Magic Sapphire.png,übersprungen: hohe Abweichung,76,51,8.16
Magic Topaz.png,übersprungen: hohe Abweichung,76,51,7.54
Magnetic Glove.png,übersprungen: kein klares Raster,75,54,0
Magnetic Potion.png,ok,76,51,5.96
Maho the Cute Magical Girl.png,ok,76,51,3.79
Mana Absorbing Crystal.png,ok,76,51,4.64
Mana Beacon.png,ok,76,51,5.29
Mana Mining.png,ok,76,51,6.07
Mao the Vengeful Guardian.png,übersprungen: hohe Abweichung,76,51,7.68
Market Crash.png,ok,76,50,3.75
Martyry.png,übersprungen: kein klares Raster,75,54,0
Mary Crestmas.png,übersprungen: hohe Abweichung,76,51,7.14
Mass Multiplication.png,übersprungen: hohe Abweichung,76,51,7.1
Mass Routing.png,übersprungen: kein klares Raster,32,65,0
Massacre.png,ok,76,51,5.37
Mausoleum Worm.png,ok,76,51,5.91
Maya the Nature Fairy.png,übersprungen: hohe Abweichung,76,51,7.53
Medea the Swamp Witch.png,ok,76,51,4.89
Medusas Curse.png,ok,76,51,6.15
Memory Blast.png,übersprungen: kein klares Raster,32,65,0
Memory Wipe.png,übersprungen: kein klares Raster,96,65,0
Metal Harpyformer.png,ok,76,51,6.11
Meteor Crash.png,ok,76,51,3.25
Midnight Assault.png,ok,76,51,3.76
Minocrete War Counselor.png,ok,76,51,5.71
Mirjam the Fallen Cute Angel.png,ok,76,51,6.57
Mischief Invasion.png,übersprungen: hohe Abweichung,76,51,9.89
Mischief Militia - Banner Bearer.png,übersprungen: hohe Abweichung,76,51,9.93
Mischief Militia - Bear Rider.png,übersprungen: hohe Abweichung,76,51,7.24
Mischief Militia - Chilly Dog.png,übersprungen: hohe Abweichung,76,51,9.86
Mischief Militia - Chilly Wizard.png,übersprungen: hohe Abweichung,76,51,9.39
Mischief Militia - Colored Snow.png,ok,76,51,5.49
Mischief Militia - Heli Troopers.png,übersprungen: hohe Abweichung,76,51,9.17
Mischief Militia - SnowItAll.png,übersprungen: hohe Abweichung,76,51,9.82
Mischief Militia - Thaw Blader.png,ok,76,51,4.43
Misfire.png,ok,76,51,5.57
Missing People.png,ok,76,51,6.4
Mission of the Light Brigade.png,ok,76,51,4.68
Modnir Hammer of Coolness.png,ok,76,51,5.16
Molinda the Cutest Being in the Sky.png,übersprungen: kein klares Raster,78,103,0
Monia Bot the Foretold Rescuer of Coolness.png,übersprungen: kein klares Raster,78,51,0
Monsieur Pete the Booty Raider.png,übersprungen: hohe Abweichung,76,51,8.12
Monster Nest.png,übersprungen: hohe Abweichung,76,51,8.74
Monster in a Bottle.png,übersprungen: kein klares Raster,76,51,0
Moonlight Butterfly.png,übersprungen: kein klares Raster,76,51,0
Mountain Tear River.png,ok,76,51,4.92
Mr. Jiggles.png,übersprungen: hohe Abweichung,76,51,8.68
Mummy Maker Machine.png,ok,76,51,4.85
Mummy Token.png,übersprungen: hohe Abweichung,76,51,7.36
Muscle Training.png,übersprungen: hohe Abweichung,76,51,9.33
Mysterious Core.png,ok,76,51,3.32
Mystery Box.png,ok,76,51,3.86
Nao the Barrier Priestess.png,übersprungen: hohe Abweichung,76,51,7.67
Navigation.png,ok,76,51,5.61
Necromancy.png,übersprungen: kein klares Raster,75,107,0
Nerdy Cheese.png,ok,76,51,3.98
Nero Zira the Mastermind.png,ok,76,51,6.31
Nicolas the Hidden Alchemist.png,übersprungen: kein klares Raster,151,49,0
Nieht the Blitz Blade.png,ok,76,51,6.08
Nimble Monkee.png,ok,76,51,6.47
No Retreat.png,übersprungen: hohe Abweichung,76,51,7.78
Noble Mummy Guards.png,übersprungen: hohe Abweichung,76,51,8.72
Nomu Wanderer of Worlds.png,übersprungen: kein klares Raster,76,51,0
Non-Fungible Monkee.png,übersprungen: hohe Abweichung,76,51,7.8
Null Zone.png,übersprungen: hohe Abweichung,76,51,8.35
Null the Mage Slayer.png,ok,76,50,2.53
Occultism.png,übersprungen: hohe Abweichung,76,51,7.24
Off Duty.png,ok,76,51,4.8
Old Couple.png,ok,76,51,5.43
Omikron the Faceless Illusionist.png,ok,76,51,4.37
Open Invitation.png,ok,76,51,2.98
Orthos the Loyal Guard Dog.png,übersprungen: kein klares Raster,76,51,0
Outbreak.png,ok,76,51,6.72
Overcharge.png,ok,76,51,5.95
Overflowing Chalice.png,ok,76,51,6.53
Overheal Shock.png,ok,76,51,5.68
Pangaia the Dino Domain.png,übersprungen: hohe Abweichung,76,51,8.74
Paraseed Control.png,übersprungen: hohe Abweichung,76,51,7.29
Paraseed Greenhouse.png,ok,76,51,6.18
Paraseed Zombie.png,übersprungen: hohe Abweichung,76,51,7.37
Paraseed.png,übersprungen: kein klares Raster,76,51,0
Pawn Chain.png,ok,76,51,6.12
Pawn Sacrifice.png,ok,76,51,4.7
Pawn of Kings.1.png,ok,76,51,4.53
Pawn of Kings.png,ok,76,51,4.09
Perfect Disguise.png,übersprungen: hohe Abweichung,76,51,7.87
Performance.png,übersprungen: hohe Abweichung,76,51,7.17
Perilous Journey.png,ok,76,51,6.11
Peszet the Plague Bringer.png,ok,76,51,5.34
Pet Snake.png,ok,76,51,6.56
Peter Röll the Protagonist.png,übersprungen: kein klares Raster,76,51,0
Petrification Break.png,ok,76,51,6.94
Petrifier.png,ok,76,51,6.42
Petrifying Potion.png,ok,76,51,6.96
Phalanx Pike.png,übersprungen: kein klares Raster,75,54,0
Pharaoh the Lone Living Being.png,ok,76,51,4.85
Phatnir Prototype of Coolness.png,übersprungen: hohe Abweichung,76,51,7.24
Philosophers Stone.png,ok,76,51,5.82
Phoenix Bombardment.png,ok,76,51,6.1
Phoenix Tackle.png,ok,76,51,5.42
Piercer of Heavens.png,ok,76,51,3.79
Pillage.png,übersprungen: kein klares Raster,96,65,0
Pillar of Light.png,übersprungen: kein klares Raster,76,51,0
Pink Sky.png,übersprungen: kein klares Raster,32,45,0
Planet in a Bottle.png,ok,76,51,4.66
Plant Golem.png,übersprungen: kein klares Raster,96,65,0
Play Money.png,ok,75,54,5.36
Pocket Catapult.png,ok,76,51,4.26
Poison Pollen.png,ok,76,51,6.02
Poison Vial.png,übersprungen: hohe Abweichung,75,54,10.19
Poisoned Arrow.png,ok,76,51,3.63
Poisoned Meat.png,ok,76,51,5.64
Poisoned Well.png,übersprungen: kein klares Raster,96,64,0
Pollution Piranha.png,ok,76,51,5.03
Pollution Spewer.png,ok,76,51,4.02
Pollution Token.png,ok,76,51,3.83
Populated Island Turtle.png,übersprungen: kein klares Raster,76,51,0
Potion of Greed.png,übersprungen: hohe Abweichung,76,51,7.12
Powder Keg.png,ok,76,51,5.18
Prayer.png,übersprungen: hohe Abweichung,76,51,7.31
Premonition.png,ok,76,51,3.73
Preserving Puppet Vinny.png,ok,76,51,5.65
Pressed Skill.png,ok,76,51,5.05
Prophecy of Coolness.png,ok,76,51,2.9
Prophecy of Tempeste.png,ok,76,51,6.84
Pseudonia the Skill Devourer.png,ok,76,51,6.69
Psychic Scout.png,übersprungen: kein klares Raster,76,51,0
Punch in the Box.png,ok,76,51,5.85
Pure Advantage Camel.png,ok,76,51,6.9
Pusher.png,übersprungen: kein klares Raster,96,65,0
Pyraga.png,ok,76,51,6.64
Pyroblast.png,übersprungen: hohe Abweichung,76,51,9.4
Queen of Kings.1.png,ok,76,51,5.17
Queen of Kings.png,ok,76,51,4.96
Quetzahuitl Receiver of Sacrifices.png,ok,76,51,5.92
Quick Attack.png,ok,76,51,4.81
Racket Arrow.png,ok,76,51,5.58
Rafflesia the Poison Princess.png,ok,76,51,5.83
Ragnarock.png,ok,76,51,6.91
Rain Viola.png,ok,76,51,5.68
Rain of Arrows.png,übersprungen: kein klares Raster,96,65,0
Rain of Death.png,ok,76,51,6.28
Rain of Spores.png,übersprungen: kein klares Raster,75,54,0
Rainbows Arrow.png,ok,76,51,3.71
Raise the Minions.png,ok,76,51,6.57
Rakah the Loan Shark.png,ok,76,51,4.22
Rap Harpyformer.png,ok,76,51,4.82
Reality Crack.png,übersprungen: hohe Abweichung,76,51,8.27
Realmniversal Emperor.png,ok,76,51,5.13
Rebelliokai Backup Bakus.png,ok,76,51,5.65
Rebelliokai Camouflaged Kappa.png,übersprungen: hohe Abweichung,76,51,7.78
Rebelliokai Courtly Kirin.png,übersprungen: hohe Abweichung,76,51,8.55
Rebelliokai Kind Kitsune.png,ok,76,51,6.0
Rebelliokai Oblivious Oni.png,ok,76,51,5.16
Rebelliokai Terror Tengu.png,ok,76,51,2.94
Rebelliokai Timid Tanuki.png,übersprungen: hohe Abweichung,76,51,8.38
Red Dragoneer.png,ok,76,50,1.86
Refreshing Night.png,ok,76,51,3.16
Reincarnation.png,ok,76,51,6.2
Reiza the Chief Tormentor.png,übersprungen: kein klares Raster,76,51,0
Relic in the Sky.png,ok,76,51,5.33
Remote Detonator.png,ok,76,51,5.2
Renewable Energy.png,übersprungen: hohe Abweichung,76,51,8.23
Rescued Damsel Cecilia.png,übersprungen: hohe Abweichung,78,51,7.06
Resilient Monkee.png,ok,76,51,6.76
Resistance.png,übersprungen: hohe Abweichung,76,51,7.1
Resuscitation Potion.png,ok,76,51,4.78
Rewrite History.png,ok,76,51,3.76
RhaBi the Living Skeleton.png,ok,76,51,5.93
Ricochet.png,ok,76,51,5.7
Riffel Master of the Ultimate Gun.png,übersprungen: kein klares Raster,78,51,0
Rioting Village.png,ok,76,51,5.17
Rocket Fist.png,ok,76,51,5.71
Rocket Sneeze.png,ok,76,51,6.64
Rockfall.png,ok,76,51,5.53
Rocky Slime.png,übersprungen: kein klares Raster,76,51,0
Rolling Boulder.png,ok,76,51,4.93
Rook of Kings.1.png,ok,76,51,5.05
Rook of Kings.png,ok,76,51,4.64
Royal Corgi.png,ok,76,51,5.8
Royal Treasury.png,übersprungen: kein klares Raster,96,64,0
Rubin the Dragoneer Champion.png,ok,76,50,4.22
Rusting Crystal.png,ok,76,51,4.88
Rusty Touch.png,übersprungen: hohe Abweichung,75,54,9.12
Sabrina the Psychic Witch.png,ok,76,51,4.12
Sacred Hammer of the Volcano.png,übersprungen: hohe Abweichung,76,51,7.98
Sacrifice to Divinity.png,übersprungen: hohe Abweichung,76,51,9.01
Sacrificial Dagger.png,übersprungen: hohe Abweichung,76,51,8.84
Saint Nicolas.png,übersprungen: hohe Abweichung,76,51,7.36
Salute to the Fallen.png,übersprungen: kein klares Raster,32,65,0
Sandy Blob.png,ok,76,51,4.31
Santa Klaus.png,ok,76,51,4.3
Sarcophagus of Sealed Magic.png,übersprungen: hohe Abweichung,76,51,7.1
SasZa the Snaka Adventurer.png,ok,76,51,5.25
Saya the Plant Princess.png,übersprungen: hohe Abweichung,76,51,7.62
Sculpture Guards.png,ok,76,51,5.76
Sculpture Theft.png,übersprungen: hohe Abweichung,76,51,7.17
Secret Blue Spice.png,ok,76,51,6.69
Secret Golden Spice.png,ok,76,51,6.66
Secret Green Spice.png,ok,76,51,6.79
Secret Red Spice.png,ok,76,51,6.76
Secret Spice Jar.png,ok,76,51,6.81
Sentient Bomb Golems.png,ok,76,51,4.32
Serpentous Demon.png,übersprungen: kein klares Raster,76,51,0
Sett the Adept of Necromancy.png,ok,76,51,6.71
Shadowy Slime.png,übersprungen: kein klares Raster,76,51,0
Shamanic Curse.png,ok,76,51,4.66
Shanty Harpyformer.png,übersprungen: hohe Abweichung,76,51,7.6
Shapeshift.png,ok,76,51,1.97
Shard of Chaos.png,übersprungen: kein klares Raster,75,54,0
Shared Blood Tanks.png,ok,76,51,4.78
Shattered Trident Treasure of the Deepsea.png,übersprungen: kein klares Raster,76,51,0
Shattering Strike.png,übersprungen: kein klares Raster,32,49,0
Shield of Death.png,ok,76,51,4.71
Shield of Life.png,übersprungen: hohe Abweichung,76,51,8.82
Shield of Wisdom.png,ok,76,51,6.62
Shiny Slime.png,übersprungen: kein klares Raster,76,51,0
Shooting Star.png,ok,76,51,1.38
ShuChaku the Blood Moon Projection.png,übersprungen: kein klares Raster,76,51,0
Sickly Cheese.png,ok,76,51,3.26
Sid the King of Thieves.png,übersprungen: kein klares Raster,96,65,0
Siege.png,übersprungen: kein klares Raster,96,65,0
Silence.png,ok,76,51,4.46
Silent Water Mizune.png,ok,76,51,6.88
Singing.png,ok,76,51,5.88
Siphem the Deepsea Demon.png,ok,76,51,2.6
Ska Harpyformer.png,übersprungen: hohe Abweichung,76,51,8.97
Skeleton Archer.png,ok,76,51,4.37
Skeleton Bard.png,ok,76,51,5.23
Skeleton Death Knight.png,ok,76,51,3.65
Skeleton Demon.png,ok,76,51,5.04
Skeleton Healer.png,ok,76,51,5.5
Skeleton King Skullmael.png,ok,76,51,6.68
Skeleton Mage.png,ok,76,51,4.67
Skeleton Necromancer.png,ok,76,51,4.46
Skeleton Priest.png,ok,76,51,5.24
Skeleton Reaper.png,ok,76,51,4.51
Skeleton Skull Bat.png,ok,76,51,3.29
Skeleton Wizard.png,ok,76,51,6.17
Skull Carpet Bombing.png,ok,76,51,5.31
Skull Necklace.png,ok,76,51,5.9
Skullmaels Greatsword.png,ok,76,51,3.93
Sleeping Beauty.png,ok,76,51,3.56
Slime Rancher.png,ok,76,51,6.09
Slimy Slime.png,übersprungen: kein klares Raster,76,51,0
Slippery Fridge.png,ok,76,51,4.37
Slippery Ice.png,ok,76,51,6.48
Slippery Narw.png,ok,76,51,6.35
Slippery Pengu.png,ok,76,51,4.62
Slippery Polar.png,ok,76,51,3.99
Slippery Skates.png,ok,76,51,4.64
Slippery Snobbit.png,ok,76,51,5.08
Slippery Snowman.png,ok,76,51,4.42
Slippery Spikeblock.png,ok,76,51,4.43
Slippery Whoolmoth.png,ok,76,51,4.54
Slow.png,ok,76,51,4.04
Smoke Vial.png,übersprungen: hohe Abweichung,75,54,10.27
Smug Coin.png,ok,76,51,5.88
Smug Mastermind Antonia.png,ok,76,51,6.0
Smugbeth the Rebel of no Rules.png,ok,76,51,4.89
Smugglers Pier.png,ok,76,51,6.29
Smugness.png,übersprungen: hohe Abweichung,76,51,7.83
Snow Cannon.png,ok,75,54,4.7
Snowstorm Mischief.png,übersprungen: hohe Abweichung,76,51,9.46
Sol Rym the Thunder Djinn.png,ok,76,51,5.13
Sorbereus the Adapting Dragon.png,übersprungen: kein klares Raster,76,51,0
Sorin the Warden of Blood Rock.png,ok,76,51,3.0
Soul Shard Ba.png,ok,76,51,2.32
Soul Shard Ib.png,ok,76,51,4.02
Soul Shard Ka.png,ok,76,51,5.67
Soul Shard Khet.png,ok,76,51,6.24
Soul Shard Ren.png,ok,76,51,5.47
Soul Shard Sah.png,übersprungen: kein klares Raster,76,51,0
Soul Shard Sekhem.png,ok,76,51,4.26
Soul Shard Shut.png,ok,76,51,6.32
Soul Transmigration Ritual.png,ok,76,51,5.61
Sparkfly Architect.png,übersprungen: hohe Abweichung,76,51,9.35
Sparkfly Attendant.png,übersprungen: hohe Abweichung,76,51,8.74
Sparkfly Queen.png,übersprungen: hohe Abweichung,76,51,8.6
Sparkfly Worker.png,übersprungen: hohe Abweichung,76,51,8.69
Sparky Slime.png,übersprungen: kein klares Raster,76,51,0
Spatial Crevice.png,ok,76,51,3.48
Spectral Armor.png,übersprungen: hohe Abweichung,76,51,8.15
Spice Mortar.png,ok,76,51,3.99
Spider Avalanche.png,übersprungen: hohe Abweichung,76,51,7.33
Spider Dance.png,ok,76,51,6.07
Spider Hive.png,übersprungen: hohe Abweichung,76,51,8.38
Spider Silk Bridge.png,übersprungen: hohe Abweichung,76,51,8.64
Spike Trap.png,übersprungen: kein klares Raster,96,65,0
Spiky Armor.png,ok,75,54,5.66
Spirit of the Barbarian Sword.png,ok,76,51,5.63
Spirit of the Forbidden Grimoire.png,ok,76,51,5.97
Spirit of the Heart Bow.png,ok,76,51,5.91
Spirit of the Relic Hammer.png,ok,76,51,6.09
Spirit of the Shattered Trident.png,ok,76,51,5.57
Spirit of the Super-Killing Knife.png,ok,76,51,5.65
Spirit of the Ultimate Gun.png,übersprungen: hohe Abweichung,76,51,7.0
Splashy Slime.png,übersprungen: kein klares Raster,76,51,0
Spontaneous Reappearance.png,übersprungen: hohe Abweichung,76,51,7.4
Spreading Rumor.png,ok,76,51,5.62
Staff of Illusions.png,übersprungen: hohe Abweichung,76,51,7.48
Staff of Uncontrollable Destruction.png,ok,76,51,5.79
Staff of the Teleporter.png,ok,75,54,5.85
Stealth.png,übersprungen: kein klares Raster,32,130,0
Stealthy Pursuit.png,ok,76,51,6.42
Steam Dwarf Brewer.png,übersprungen: hohe Abweichung,76,51,7.51
Steam Dwarf Diver.png,ok,76,51,6.61
Steam Dwarf Dragon Pilot.png,übersprungen: hohe Abweichung,76,51,7.75
Steam Dwarf Engineer.png,übersprungen: hohe Abweichung,76,51,7.81
Steam Dwarf Exterminator.png,übersprungen: hohe Abweichung,76,51,8.12
Steam Dwarf Miner.png,ok,76,51,6.62
Stellan the Calm Cat.png,übersprungen: hohe Abweichung,76,51,7.57
Stellin the Calm Dictator.png,ok,76,51,4.94
Sticky Wand.png,übersprungen: hohe Abweichung,76,51,7.68
Stinky Stables.png,ok,76,51,3.15
Storm Piano.png,ok,76,51,3.77
Storm Ring.png,übersprungen: kein klares Raster,75,54,0
Stormkissed Waflav.png,übersprungen: kein klares Raster,78,51,0
Stranglehold.png,ok,76,51,4.68
String of Fine.png,ok,76,51,6.77
Strong Ox Headbutt.png,ok,76,51,4.53
Strong Shield.png,übersprungen: kein klares Raster,75,54,0
Styx the Gate to the Spirit World.png,ok,76,51,4.4
Styx the Opened Gate.png,übersprungen: kein klares Raster,78,103,0
Summoning Circle.png,übersprungen: kein klares Raster,32,65,0
Summoning Instructions.png,ok,76,51,5.51
Summoning Magic.png,übersprungen: kein klares Raster,78,53,0
Sun Beam.png,übersprungen: kein klares Raster,76,51,0
Super-Killing Knife the Tool of Liquidation.png,ok,76,51,4.71
Supply Chain.png,übersprungen: kein klares Raster,96,65,0
Support Magic.png,ok,76,51,5.08
Surprise Party.png,übersprungen: hohe Abweichung,76,51,8.12
Suspicious Monster.png,ok,76,51,5.36
Swagdri Forger of Coolness.png,übersprungen: hohe Abweichung,76,51,8.18
Swampborne Waflav.png,übersprungen: kein klares Raster,78,51,0
Swellpnir Mount of Coolness.png,ok,76,51,6.81
Swift Eagle Warrior.png,ok,76,51,6.77
Sword in a Bottle.png,ok,76,51,6.85
Taio Absorber of the Mountains Heart.png,übersprungen: kein klares Raster,146,96,0
Taio the Sun Fencer.png,übersprungen: hohe Abweichung,76,51,8.77
Tamed Hell Fox.png,übersprungen: hohe Abweichung,76,51,7.57
Tamed Primordium.png,ok,76,51,2.95
Tanuki Escape.png,übersprungen: hohe Abweichung,76,51,9.7
Tarleinn the Traveler.png,ok,76,51,6.24
Tarleinns Floating Island.png,ok,76,51,6.89
Tazune the Angry Hot-Blood.png,übersprungen: hohe Abweichung,76,51,7.24
Tea.png,ok,76,51,5.36
Tears of Creation.png,ok,76,51,5.87
Techno Harpyformer.png,ok,76,51,5.04
Telekinesis.png,übersprungen: kein klares Raster,75,54,0
Teleportal.png,übersprungen: kein klares Raster,75,54,0
Teleportation Powder.png,übersprungen: hohe Abweichung,76,51,7.47
Tempeluna the Convergence Fairy.png,übersprungen: kein klares Raster,146,96,0
Tempeste Moana the Rain Singer.png,ok,76,51,6.74
Tempeste the Weather Fairy.png,übersprungen: hohe Abweichung,76,51,8.29
Temple of Sacrifice.png,ok,76,51,6.65
Tengu Windstorm.png,ok,76,51,4.1
Teocuilatl the Embodiment of Gods.png,übersprungen: hohe Abweichung,76,51,7.53
Teppes the Deepsea Vampire.png,übersprungen: kein klares Raster,76,51,0
Terror.png,übersprungen: hohe Abweichung,76,51,7.23
Thalia the Fun Fairy.png,ok,76,51,5.45
Tharx the Never-Losing General.png,ok,76,51,4.97
Tharxian Horse.png,übersprungen: kein klares Raster,32,65,0
The Bonegrinder.png,ok,76,51,6.02
The Brewers Blade.png,ok,76,51,6.0
The Cores Awakening.png,übersprungen: hohe Abweichung,76,51,7.54
The Cosmic Depths.png,ok,76,51,1.45
The Egg of God.png,übersprungen: hohe Abweichung,76,51,7.32
The Eighth Circle of Hell.png,übersprungen: hohe Abweichung,76,51,7.14
The Eye of Ren.png,ok,76,51,4.69
The Fifth Circle of Hell.png,übersprungen: kein klares Raster,76,51,0
The Final Trial.png,übersprungen: hohe Abweichung,76,51,9.08
The First Circle of Hell.png,ok,76,51,3.83
The Fourth Circle of Hell.png,übersprungen: hohe Abweichung,76,51,8.56
The Golden Abomination.png,übersprungen: kein klares Raster,96,65,0
The Great Clock Tower Big Gwen.png,übersprungen: hohe Abweichung,76,51,7.37
The Great Wall of Deri.png,übersprungen: kein klares Raster,96,65,0
The Hands of Big Gwen.png,ok,76,51,6.12
The Masters Plan.png,übersprungen: hohe Abweichung,76,51,7.98
The Masters Sword.png,ok,75,54,5.32
The Nornstellar Foretellers of Coolness.png,ok,76,51,6.72
The Sacred Jewel.png,übersprungen: hohe Abweichung,76,51,7.19
The Second Circle of Hell.png,übersprungen: hohe Abweichung,76,51,13.51
The Seventh Circle of Hell.png,ok,76,51,6.56
The Sixth Circle of Hell.png,übersprungen: hohe Abweichung,76,51,8.03
The Spawn Mother.png,ok,76,51,2.71
The Stormblade.png,übersprungen: hohe Abweichung,76,51,7.31
The Sun Sword.png,übersprungen: hohe Abweichung,76,51,8.26
The Thing in the Ship.png,ok,76,51,4.74
The Third Circle of Hell.png,übersprungen: hohe Abweichung,76,51,8.34
The Warlords Bite.png,ok,76,51,5.01
The Weather Orchestra.png,übersprungen: hohe Abweichung,76,51,7.23
The White Army.png,übersprungen: hohe Abweichung,76,51,7.57
The White Eye.png,übersprungen: kein klares Raster,32,44,0
The Yeeting.png,ok,76,51,4.8
Thebinxan War Counselor.png,ok,76,51,5.88
Thep the Court Scribe.png,übersprungen: hohe Abweichung,76,51,7.13
Thicket.png,ok,76,51,5.19
Thieving Strike.png,übersprungen: kein klares Raster,75,54,0
Thieving.png,übersprungen: hohe Abweichung,76,51,7.07
Thorad Strength of Coolness.png,ok,76,51,4.43
Thrysh Robber of Coolness.png,übersprungen: hohe Abweichung,76,51,8.0
Thunder Trumpet.png,ok,76,51,5.91
Thunderstruck Waflav.png,übersprungen: kein klares Raster,78,51,0
Time Bomblebee.png,übersprungen: hohe Abweichung,76,51,7.11
Timeless King Zi.png,übersprungen: hohe Abweichung,76,51,7.9
Tobi the Average Student.png,ok,76,51,5.98
Tool Freezer.png,ok,76,51,6.17
Toras Master of all Weapons.png,übersprungen: hohe Abweichung,76,51,7.06
Torchure.png,ok,76,51,6.79
Toughness.png,ok,76,51,4.65
Toxic Fumes.png,ok,76,51,5.02
Toxic Trap.png,übersprungen: kein klares Raster,75,54,0
Trade.png,ok,76,51,6.19
Training.png,übersprungen: hohe Abweichung,76,51,8.29
Trample Sounds in the Forest.png,ok,76,51,4.73
Transdimensional Stab.png,übersprungen: kein klares Raster,79,53,0
Trapping.png,übersprungen: hohe Abweichung,76,51,11.31
Traveler from the Future.png,ok,76,51,2.77
Treacherous Crystal.png,ok,76,51,5.54
Treasure Chest.png,übersprungen: hohe Abweichung,76,51,10.07
Treasure Hunters Backpack.png,übersprungen: kein klares Raster,75,54,0
Treasure Huntress Semi.png,übersprungen: hohe Abweichung,76,51,12.98
Treasure Skeleton.png,übersprungen: hohe Abweichung,76,51,7.29
Tri Ad the Puppet Mistress.png,ok,76,51,4.66
Tri Fecta the Puppet Master.png,ok,76,51,5.47
Trial of Annoyance.png,ok,76,51,6.22
Trial of Coolness.png,ok,76,51,4.28
Trial of Dominance.png,ok,76,51,2.49
Trial of Knowledge.png,ok,76,51,4.55
Trial of Loyalty.png,übersprungen: hohe Abweichung,76,51,7.83
Troop Annihilation.png,übersprungen: hohe Abweichung,76,51,7.43
True Fairy Crestina the Primordial Goddess.png,übersprungen: kein klares Raster,78,103,0
Trunk Sand.png,ok,76,51,5.89
Truth-Seeing Eye.png,übersprungen: kein klares Raster,96,67,0
Tryse the Shadow Slayer.png,ok,76,51,4.39
TsuKi the Lunatic Princess.png,übersprungen: kein klares Raster,76,51,0
Tuscan Aristocrat.png,übersprungen: hohe Abweichung,76,51,7.19
Tuscan Artist.png,ok,76,51,4.97
Tuscan Mystic.png,ok,76,51,5.7
Tuscan Prisoner.png,übersprungen: hohe Abweichung,76,51,8.93
Ultimate Weapon Experiment.png,ok,76,51,6.27
Undurdle.png,ok,76,51,1.69
Unsettling Opportunist Vullary.png,ok,76,51,4.41
Unwanted Audience.png,übersprungen: hohe Abweichung,76,51,9.5
Ushabti of the Great Pharaoh.png,ok,76,51,6.64
Vacarn the Dark Goblin Necromancer.png,ok,76,51,4.34
Vampiric Sword.png,übersprungen: kein klares Raster,75,54,0
Vena the Bounty Huntress.png,ok,76,51,4.18
Venom Infusion.png,ok,75,54,5.65
Very Special Prisoner.png,ok,76,51,5.06
Victorica the Eternal Empress.png,ok,76,51,5.3
Victory Phoenix Cannon.png,ok,76,51,5.5
Vinepire.png,übersprungen: kein klares Raster,76,51,0
Visionary Genius Heinz.png,ok,76,51,6.87
Voice in your Head.png,übersprungen: hohe Abweichung,76,51,7.56
Waflav the Metamorphing Monstrosity.png,ok,76,51,4.1
Waitress.png,ok,76,51,5.71
Wall Breaker General Ralzish.png,übersprungen: kein klares Raster,76,51,0
Wanted Poster.png,übersprungen: hohe Abweichung,75,54,7.94
War Chest.png,übersprungen: hohe Abweichung,76,51,7.9
War Council Gathering Place.png,übersprungen: hohe Abweichung,76,51,8.72
Warhorse.png,übersprungen: kein klares Raster,96,64,0
Warrior of Teocuilatl.png,ok,76,51,6.22
Water Golem.png,ok,76,51,5.41
Wavilion.png,übersprungen: kein klares Raster,76,51,0
Weakening Crystal.png,ok,76,51,6.03
Wealth.png,übersprungen: hohe Abweichung,76,51,9.81
Weapon Absorption.png,ok,76,51,6.96
Weapon Collecting Wight.png,ok,76,51,6.91
Weapon Storm.png,ok,76,51,6.04
Weapon Unleashing.png,übersprungen: hohe Abweichung,76,51,7.06
Weird Doll.png,übersprungen: hohe Abweichung,76,51,8.13
Wheels.png,ok,76,51,5.3
Whirlwind Strike.png,ok,75,54,4.26
Wildur the Shining Coolness.png,ok,76,51,3.24
Willy the Valiant Leprechaun.png,übersprungen: hohe Abweichung,76,51,8.84
Winged Skeleton.png,ok,76,51,4.02
Wire Hatchling.png,übersprungen: kein klares Raster,76,51,0
Wisdom.png,übersprungen: hohe Abweichung,76,51,8.75
Wolflesia the Canine Flower.png,ok,76,51,4.87
Wowhalla the Hall of the Cool.png,ok,76,51,5.95
Wowkyrie Bringer of Coolness.png,ok,76,51,3.64
Xal the Animated Armor.png,ok,76,51,6.64
Xalibur.png,ok,76,51,5.65
Xiong the Bamboo Guardian.png,übersprungen: hohe Abweichung,76,51,7.1
Yolomungandr Ender of Coolness.png,übersprungen: hohe Abweichung,76,51,7.33
Yukana the Scholar on the Run.png,ok,76,51,5.22
Zamorin the Spice Rajah.png,ok,76,51,5.11
Zhigao the Heavenly Emperor.png,ok,76,51,5.47
Zombified Assault.png,übersprungen: hohe Abweichung,76,51,7.4
ZsosSsar the Serpent Warlord.png,ok,76,51,5.83
the Shapeshifter.png,ok,76,51,5.38
the Throne Robber.png,übersprungen: kein klares Raster,78,51,0
